{"start_time": 1723214874.046892, "end_time": 1723214885.101742}