{"start_time": 1723190296.727998, "end_time": 1723190297.4514759}