{"start_time": 1723208044.072437, "end_time": 1723208044.51158}