{"start_time": 1723283480.6266088, "end_time": 1723283498.17607}