{"start_time": 1723194997.304739, "end_time": 1723194998.679872}