{"start_time": 1723214791.7031949, "end_time": 1723214801.750478}