{"start_time": 1723212805.444216, "end_time": 1723212805.920298}