{"start_time": 1723195148.156645, "end_time": 1723195148.834423}