{"start_time": 1723264501.550434, "end_time": 1723264507.906463}