{"start_time": 1723282921.255116, "end_time": 1723282936.844667}