{"start_time": 1723214369.1767092, "end_time": 1723214387.263963}