{"start_time": 1723283309.1501818, "end_time": 1723283339.586483}