{"start_time": 1723208834.1740239, "end_time": 1723208834.281802}