{"start_time": 1723192155.0823638, "end_time": 1723192155.7858508}