{"start_time": 1723211598.8060238, "end_time": 1723211599.778183}