{"start_time": 1723212051.432259, "end_time": 1723212052.449037}