{"start_time": 1723212521.771717, "end_time": 1723212527.819984}