{"start_time": 1723195281.8118458, "end_time": 1723195282.911863}