{"start_time": 1723214228.789184, "end_time": 1723214230.5557141}