{"start_time": 1723212280.345664, "end_time": 1723212286.376307}