{"start_time": 1723194920.0968661, "end_time": 1723194920.627981}