{"start_time": 1723205165.436565, "end_time": 1723205170.684025}