{"start_time": 1723194426.157341, "end_time": 1723194427.6004539}