{"start_time": 1723208291.964237, "end_time": 1723208292.861773}