{"start_time": 1723195884.052989, "end_time": 1723195885.117982}