{"start_time": 1723214306.570787, "end_time": 1723214311.597656}