{"start_time": 1723208501.940502, "end_time": 1723208502.861752}