{"start_time": 1723214684.128614, "end_time": 1723214692.1658292}