{"start_time": 1723208184.301533, "end_time": 1723208184.852523}