{"start_time": 1723208652.7162979, "end_time": 1723208652.866554}