{"start_time": 1723211111.828117, "end_time": 1723211112.792541}