{"start_time": 1723217480.0145762, "end_time": 1723217493.406729}