{"start_time": 1723212672.448748, "end_time": 1723212672.6721642}