{"start_time": 1723210658.662743, "end_time": 1723210659.680577}