{"start_time": 1723211794.098552, "end_time": 1723211794.693847}