{"start_time": 1723215037.812406, "end_time": 1723215050.281557}