{"start_time": 1723206223.039365, "end_time": 1723206223.786678}