{"start_time": 1723215117.129905, "end_time": 1723215136.550082}