{"start_time": 1723283138.821125, "end_time": 1723283155.24139}