{"start_time": 1723206571.821982, "end_time": 1723206572.260751}