{"start_time": 1723189539.286762, "end_time": 1723189539.932342}