{"start_time": 1723205765.9123561, "end_time": 1723205766.352067}