{"start_time": 1723206384.7200902, "end_time": 1723206385.1481779}