{"start_time": 1723194758.292917, "end_time": 1723194758.952946}