{"start_time": 1723195241.802847, "end_time": 1723195242.886645}