{"start_time": 1723210501.366843, "end_time": 1723210502.255973}