{"start_time": 1723211444.706767, "end_time": 1723211445.100686}