{"start_time": 1723194359.93778, "end_time": 1723194361.290848}