{"start_time": 1723205501.960356, "end_time": 1723205508.889138}