{"start_time": 1723213856.072761, "end_time": 1723213860.0951738}