{"start_time": 1723195323.3740318, "end_time": 1723195324.366752}